GHO (CODE),GHO (DISPLAY),GHO (URL),YEAR (DISPLAY),STARTYEAR,ENDYEAR,REGION (CODE),REGION (DISPLAY),COUNTRY (CODE),COUNTRY (DISPLAY),DIMENSION (TYPE),DIMENSION (CODE),DIMENSION (NAME),Numeric,Value,Low,High
#indicator+code,#indicator+name,#indicator+url,#date+year,#date+year+start,#date+year+end,#region+code,#region+name,#country+code,#country+name,#dimension+type,#dimension+code,#dimension+name,#indicator+value+num,#indicator+value,#indicator+value+low,#indicator+value+high
MALARIA_TOTAL_CASES,Total number of  malaria cases (presumed + confirmed cases),https://www.who.int/data/gho/data/indicators/indicator-details/GHO/total-number-of-malaria-cases-presumed-confirmed-cases,2015,2015,2015,AFR,Africa,NGA,Nigeria,,,,16702261.0,16 702 261,,
MALARIA_CONF_CASES,Number of confirmed malaria cases,https://www.who.int/data/gho/data/indicators/indicator-details/GHO/number-confirmed-malaria-cases,2015,2015,2015,AFR,Africa,NGA,Nigeria,,,,8068583.0,8 068 583,,
MALARIA_RDT_POS,Number of malaria positive cases by rapid diagnostic test (RDT),https://www.who.int/data/gho/data/indicators/indicator-details/GHO/number-of-malaria-positive-cases-by-rapid-diagnostic-test-rdt,2017,2017,2017,AFR,Africa,NGA,Nigeria,,,,12338760.0,12 338 760,,
MALARIA_EST_MORTALITY,Estimated malaria mortality rate (per 100 000 population),https://www.who.int/data/gho/data/indicators/indicator-details/GHO/estimated-malaria-mortality-rate-per-100-000-population,2010,2010,2010,AFR,Africa,NGA,Nigeria,,,,119.55686,119.56 [110.15-129.37],110.14566,129.36542
MALARIA_EST_INCIDENCE,Estimated malaria incidence (per 1000 population at risk),https://www.who.int/data/gho/data/indicators/indicator-details/GHO/malaria-incidence-%28per-1-000-population-at-risk%29,2003,2003,2003,AFR,Africa,NGA,Nigeria,,,,382.08799,382.09 [298.42-484.07],298.42326,484.06887
MALARIA_SUSPECTS,Number of suspected malaria cases,https://www.who.int/data/gho/data/indicators/indicator-details/GHO/number-of-suspected-malaria-cases,2017,2017,2017,AFR,Africa,NGA,Nigeria,,,,25106551.0,25 106 551,,
MALARIA_EST_MORTALITY,Estimated malaria mortality rate (per 100 000 population),https://www.who.int/data/gho/data/indicators/indicator-details/GHO/estimated-malaria-mortality-rate-per-100-000-population,2007,2007,2007,AFR,Africa,NGA,Nigeria,,,,151.14578,151.15 [141.15-161.46],141.14691,161.45984
MALARIA_EST_INCIDENCE,Estimated malaria incidence (per 1000 population at risk),https://www.who.int/data/gho/data/indicators/indicator-details/GHO/malaria-incidence-%28per-1-000-population-at-risk%29,2011,2011,2011,AFR,Africa,NGA,Nigeria,,,,339.50663,339.51 [273.76-416.18],273.75947,416.17992
MALARIA_CONF_CASES,Number of confirmed malaria cases,https://www.who.int/data/gho/data/indicators/indicator-details/GHO/number-confirmed-malaria-cases,2018,2018,2018,AFR,Africa,NGA,Nigeria,,,,14548024.0,14 548 024,,
MALARIA_CONF_CASES,Number of confirmed malaria cases,https://www.who.int/data/gho/data/indicators/indicator-details/GHO/number-confirmed-malaria-cases,2022,2022,2022,AFR,Africa,NGA,Nigeria,,,,23050405.0,23 050 405,,
MALARIA_EST_MORTALITY,Estimated malaria mortality rate (per 100 000 population),https://www.who.int/data/gho/data/indicators/indicator-details/GHO/estimated-malaria-mortality-rate-per-100-000-population,2000,2000,2000,AFR,Africa,NGA,Nigeria,,,,178.99156,178.99 [168.96-189.47],168.9624,189.47009
MALARIA_EST_INCIDENCE,Estimated malaria incidence (per 1000 population at risk),https://www.who.int/data/gho/data/indicators/indicator-details/GHO/malaria-incidence-%28per-1-000-population-at-risk%29,2016,2016,2016,AFR,Africa,NGA,Nigeria,,,,284.82542,284.83 [225.41-353.73],225.41075,353.73007
MALARIA_CONF_CASES,Number of confirmed malaria cases,https://www.who.int/data/gho/data/indicators/indicator-details/GHO/number-confirmed-malaria-cases,2020,2020,2020,AFR,Africa,NGA,Nigeria,,,,18325240.0,18 325 240,,
MALARIA_EST_MORTALITY,Estimated malaria mortality rate (per 100 000 population),https://www.who.int/data/gho/data/indicators/indicator-details/GHO/estimated-malaria-mortality-rate-per-100-000-population,2005,2005,2005,AFR,Africa,NGA,Nigeria,,,,144.6752,144.68 [135.74-153.95],135.73623,153.94863
MALARIA_PRES_CASES,Number of presumed malaria cases,https://www.who.int/data/gho/data/indicators/indicator-details/GHO/number-of-presumed-malaria-cases,2016,2016,2016,AFR,Africa,NGA,Nigeria,,,,10358387.0,10 358 387,,
MALARIA_MICR_POS,Number of malaria positive cases by microscopy,https://www.who.int/data/gho/data/indicators/indicator-details/GHO/number-of-malaria-positive-cases-by-microscopy,2019,2019,2019,AFR,Africa,NGA,Nigeria,,,,2476514.0,2 476 514,,
MALARIA_INDIG,Number of indigenous malaria cases,https://www.who.int/data/gho/data/indicators/indicator-details/GHO/number-of-indigenous-malaria-cases,2017,2017,2017,AFR,Africa,NGA,Nigeria,,,,13087878.0,13 087 878,,
MALARIA_INDIG,Number of indigenous malaria cases,https://www.who.int/data/gho/data/indicators/indicator-details/GHO/number-of-indigenous-malaria-cases,2016,2016,2016,AFR,Africa,NGA,Nigeria,,,,13598282.0,13 598 282,,
MALARIA_EST_INCIDENCE,Estimated malaria incidence (per 1000 population at risk),https://www.who.int/data/gho/data/indicators/indicator-details/GHO/malaria-incidence-%28per-1-000-population-at-risk%29,2017,2017,2017,AFR,Africa,NGA,Nigeria,,,,288.97983,288.98 [229.08-359.80],229.07687,359.80387
MALARIA_CONF_CASES,Number of confirmed malaria cases,https://www.who.int/data/gho/data/indicators/indicator-details/GHO/number-confirmed-malaria-cases,2017,2017,2017,AFR,Africa,NGA,Nigeria,,,,13087878.0,13 087 878,,
MALARIA_MICR_POS,Number of malaria positive cases by microscopy,https://www.who.int/data/gho/data/indicators/indicator-details/GHO/number-of-malaria-positive-cases-by-microscopy,2021,2021,2021,AFR,Africa,NGA,Nigeria,,,,2559742.0,2 559 742,,
MALARIA_PF_INDIG,Number of indigenous P. falciparum malaria cases,https://www.who.int/data/gho/data/indicators/indicator-details/GHO/number-of-indigenous-p.-falciparum-malaria-cases,2016,2016,2016,AFR,Africa,NGA,Nigeria,,,,13598282.0,13 598 282,,
MALARIA_EST_INCIDENCE,Estimated malaria incidence (per 1000 population at risk),https://www.who.int/data/gho/data/indicators/indicator-details/GHO/malaria-incidence-%28per-1-000-population-at-risk%29,2009,2009,2009,AFR,Africa,NGA,Nigeria,,,,389.96037,389.96 [319.67-471.62],319.67474,471.62002
MALARIA_TOTAL_CASES,Total number of  malaria cases (presumed + confirmed cases),https://www.who.int/data/gho/data/indicators/indicator-details/GHO/total-number-of-malaria-cases-presumed-confirmed-cases,2016,2016,2016,AFR,Africa,NGA,Nigeria,,,,23956669.0,23 956 669,,
MALARIA_MICR_TEST,Number of malaria suspects examined by microscopy,https://www.who.int/data/gho/data/indicators/indicator-details/GHO/number-of-malaria-suspects-examined-by-microscopy,2015,2015,2015,AFR,Africa,NGA,Nigeria,,,,839849.0,839 849,,
MALARIA_EST_INCIDENCE,Estimated malaria incidence (per 1000 population at risk),https://www.who.int/data/gho/data/indicators/indicator-details/GHO/malaria-incidence-%28per-1-000-population-at-risk%29,2002,2002,2002,AFR,Africa,NGA,Nigeria,,,,381.74663,381.75 [296.16-485.34],296.16447,485.33664
MALARIA_MICR_TEST,Number of malaria suspects examined by microscopy,https://www.who.int/data/gho/data/indicators/indicator-details/GHO/number-of-malaria-suspects-examined-by-microscopy,2018,2018,2018,AFR,Africa,NGA,Nigeria,,,,1428731.0,1 428 731,,
MALARIA_SUSPECTS,Number of suspected malaria cases,https://www.who.int/data/gho/data/indicators/indicator-details/GHO/number-of-suspected-malaria-cases,2019,2019,2019,AFR,Africa,NGA,Nigeria,,,,29489245.0,29 489 245,,
MALARIA_PRES_CASES,Number of presumed malaria cases,https://www.who.int/data/gho/data/indicators/indicator-details/GHO/number-of-presumed-malaria-cases,2017,2017,2017,AFR,Africa,NGA,Nigeria,,,,7131390.0,7 131 390,,
MALARIA_RDT_POS,Number of malaria positive cases by rapid diagnostic test (RDT),https://www.who.int/data/gho/data/indicators/indicator-details/GHO/number-of-malaria-positive-cases-by-rapid-diagnostic-test-rdt,2016,2016,2016,AFR,Africa,NGA,Nigeria,,,,12979919.0,12 979 919,,
MALARIA_RDT_POS,Number of malaria positive cases by rapid diagnostic test (RDT),https://www.who.int/data/gho/data/indicators/indicator-details/GHO/number-of-malaria-positive-cases-by-rapid-diagnostic-test-rdt,2023,2023,2023,AFR,Africa,NGA,Nigeria,,,,21649680.0,21 649 680,,
MALARIA_SUSPECTS,Number of suspected malaria cases,https://www.who.int/data/gho/data/indicators/indicator-details/GHO/number-of-suspected-malaria-cases,2021,2021,2021,AFR,Africa,NGA,Nigeria,,,,30202722.0,30 202 722,,
MALARIA_EST_INCIDENCE,Estimated malaria incidence (per 1000 population at risk),https://www.who.int/data/gho/data/indicators/indicator-details/GHO/malaria-incidence-%28per-1-000-population-at-risk%29,2021,2021,2021,AFR,Africa,NGA,Nigeria,,,,299.27111,299.27 [217.44-407.25],217.44339,407.25211
MALARIA_MICR_TEST,Number of malaria suspects examined by microscopy,https://www.who.int/data/gho/data/indicators/indicator-details/GHO/number-of-malaria-suspects-examined-by-microscopy,2019,2019,2019,AFR,Africa,NGA,Nigeria,,,,3298156.0,3 298 156,,
MALARIA_RDT_POS,Number of malaria positive cases by rapid diagnostic test (RDT),https://www.who.int/data/gho/data/indicators/indicator-details/GHO/number-of-malaria-positive-cases-by-rapid-diagnostic-test-rdt,2015,2015,2015,AFR,Africa,NGA,Nigeria,,,,7511712.0,7 511 712,,
MALARIA_EST_MORTALITY,Estimated malaria mortality rate (per 100 000 population),https://www.who.int/data/gho/data/indicators/indicator-details/GHO/estimated-malaria-mortality-rate-per-100-000-population,2023,2023,2023,AFR,Africa,NGA,Nigeria,,,,81.04556,81.05 [59.15-115.82],59.14511,115.82002
MALARIA_TOTAL_CASES,Total number of  malaria cases (presumed + confirmed cases),https://www.who.int/data/gho/data/indicators/indicator-details/GHO/total-number-of-malaria-cases-presumed-confirmed-cases,2017,2017,2017,AFR,Africa,NGA,Nigeria,,,,20219268.0,20 219 268,,
MALARIA_EST_INCIDENCE,Estimated malaria incidence (per 1000 population at risk),https://www.who.int/data/gho/data/indicators/indicator-details/GHO/malaria-incidence-%28per-1-000-population-at-risk%29,2012,2012,2012,AFR,Africa,NGA,Nigeria,,,,316.22042,316.22 [255.24-389.01],255.23952,389.00729
MALARIA_SUSPECTS,Number of suspected malaria cases,https://www.who.int/data/gho/data/indicators/indicator-details/GHO/number-of-suspected-malaria-cases,2020,2020,2020,AFR,Africa,NGA,Nigeria,,,,27370935.0,27 370 935,,
MALARIA_SUSPECTS,Number of suspected malaria cases,https://www.who.int/data/gho/data/indicators/indicator-details/GHO/number-of-suspected-malaria-cases,2015,2015,2015,AFR,Africa,NGA,Nigeria,,,,20243915.0,20 243 915,,
MALARIA_EST_INCIDENCE,Estimated malaria incidence (per 1000 population at risk),https://www.who.int/data/gho/data/indicators/indicator-details/GHO/malaria-incidence-%28per-1-000-population-at-risk%29,2000,2000,2000,AFR,Africa,NGA,Nigeria,,,,401.7884,401.79 [312.41-508.80],312.40775,508.79933
MALARIA_EST_INCIDENCE,Estimated malaria incidence (per 1000 population at risk),https://www.who.int/data/gho/data/indicators/indicator-details/GHO/malaria-incidence-%28per-1-000-population-at-risk%29,2008,2008,2008,AFR,Africa,NGA,Nigeria,,,,402.01486,402.01 [328.56-486.99],328.55853,486.986
MALARIA_EST_INCIDENCE,Estimated malaria incidence (per 1000 population at risk),https://www.who.int/data/gho/data/indicators/indicator-details/GHO/malaria-incidence-%28per-1-000-population-at-risk%29,2020,2020,2020,AFR,Africa,NGA,Nigeria,,,,304.36879,304.37 [218.69-414.28],218.68928,414.27902
MALARIA_TOTAL_CASES,Total number of  malaria cases (presumed + confirmed cases),https://www.who.int/data/gho/data/indicators/indicator-details/GHO/total-number-of-malaria-cases-presumed-confirmed-cases,2021,2021,2021,AFR,Africa,NGA,Nigeria,,,,23608797.0,23 608 797,,
MALARIA_TOTAL_CASES,Total number of  malaria cases (presumed + confirmed cases),https://www.who.int/data/gho/data/indicators/indicator-details/GHO/total-number-of-malaria-cases-presumed-confirmed-cases,2023,2023,2023,AFR,Africa,NGA,Nigeria,,,,26411359.0,26 411 359,,
MALARIA_PF_INDIG,Number of indigenous P. falciparum malaria cases,https://www.who.int/data/gho/data/indicators/indicator-details/GHO/number-of-indigenous-p.-falciparum-malaria-cases,2017,2017,2017,AFR,Africa,NGA,Nigeria,,,,13087878.0,13 087 878,,
MALARIA_PF_INDIG,Number of indigenous P. falciparum malaria cases,https://www.who.int/data/gho/data/indicators/indicator-details/GHO/number-of-indigenous-p.-falciparum-malaria-cases,2023,2023,2023,AFR,Africa,NGA,Nigeria,,,,24098323.0,24 098 323,,
MALARIA_SUSPECTS,Number of suspected malaria cases,https://www.who.int/data/gho/data/indicators/indicator-details/GHO/number-of-suspected-malaria-cases,2022,2022,2022,AFR,Africa,NGA,Nigeria,,,,32983459.0,32 983 459,,
MALARIA_EST_MORTALITY,Estimated malaria mortality rate (per 100 000 population),https://www.who.int/data/gho/data/indicators/indicator-details/GHO/estimated-malaria-mortality-rate-per-100-000-population,2012,2012,2012,AFR,Africa,NGA,Nigeria,,,,97.62281,97.62 [88.72-107.68],88.71702,107.67622
MALARIA_EST_MORTALITY,Estimated malaria mortality rate (per 100 000 population),https://www.who.int/data/gho/data/indicators/indicator-details/GHO/estimated-malaria-mortality-rate-per-100-000-population,2003,2003,2003,AFR,Africa,NGA,Nigeria,,,,149.97743,149.98 [141.18-159.18],141.18387,159.18139
MALARIA_MICR_TEST,Number of malaria suspects examined by microscopy,https://www.who.int/data/gho/data/indicators/indicator-details/GHO/number-of-malaria-suspects-examined-by-microscopy,2021,2021,2021,AFR,Africa,NGA,Nigeria,,,,3405012.0,3 405 012,,
MALARIA_PF_INDIG,Number of indigenous P. falciparum malaria cases,https://www.who.int/data/gho/data/indicators/indicator-details/GHO/number-of-indigenous-p.-falciparum-malaria-cases,2022,2022,2022,AFR,Africa,NGA,Nigeria,,,,23050405.0,23 050 405,,
MALARIA_TOTAL_CASES,Total number of  malaria cases (presumed + confirmed cases),https://www.who.int/data/gho/data/indicators/indicator-details/GHO/total-number-of-malaria-cases-presumed-confirmed-cases,2022,2022,2022,AFR,Africa,NGA,Nigeria,,,,24968466.0,24 968 466,,
MALARIA_EST_MORTALITY,Estimated malaria mortality rate (per 100 000 population),https://www.who.int/data/gho/data/indicators/indicator-details/GHO/estimated-malaria-mortality-rate-per-100-000-population,2022,2022,2022,AFR,Africa,NGA,Nigeria,,,,84.1099,84.11 [62.99-116.97],62.99021,116.97429
MALARIA_EST_MORTALITY,Estimated malaria mortality rate (per 100 000 population),https://www.who.int/data/gho/data/indicators/indicator-details/GHO/estimated-malaria-mortality-rate-per-100-000-population,2004,2004,2004,AFR,Africa,NGA,Nigeria,,,,160.45211,160.45 [150.74-170.59],150.73616,170.58937
MALARIA_SUSPECTS,Number of suspected malaria cases,https://www.who.int/data/gho/data/indicators/indicator-details/GHO/number-of-suspected-malaria-cases,2016,2016,2016,AFR,Africa,NGA,Nigeria,,,,29113322.0,29 113 322,,
MALARIA_RDT_POS,Number of malaria positive cases by rapid diagnostic test (RDT),https://www.who.int/data/gho/data/indicators/indicator-details/GHO/number-of-malaria-positive-cases-by-rapid-diagnostic-test-rdt,2022,2022,2022,AFR,Africa,NGA,Nigeria,,,,20672565.0,20 672 565,,
MALARIA_EST_MORTALITY,Estimated malaria mortality rate (per 100 000 population),https://www.who.int/data/gho/data/indicators/indicator-details/GHO/estimated-malaria-mortality-rate-per-100-000-population,2006,2006,2006,AFR,Africa,NGA,Nigeria,,,,159.71442,159.71 [149.50-170.31],149.50361,170.30969
MALARIA_INDIG,Number of indigenous malaria cases,https://www.who.int/data/gho/data/indicators/indicator-details/GHO/number-of-indigenous-malaria-cases,2015,2015,2015,AFR,Africa,NGA,Nigeria,,,,8068583.0,8 068 583,,
MALARIA_PF_INDIG,Number of indigenous P. falciparum malaria cases,https://www.who.int/data/gho/data/indicators/indicator-details/GHO/number-of-indigenous-p.-falciparum-malaria-cases,2019,2019,2019,AFR,Africa,NGA,Nigeria,,,,19806915.0,19 806 915,,
MALARIA_EST_MORTALITY,Estimated malaria mortality rate (per 100 000 population),https://www.who.int/data/gho/data/indicators/indicator-details/GHO/estimated-malaria-mortality-rate-per-100-000-population,2020,2020,2020,AFR,Africa,NGA,Nigeria,,,,93.57971,93.58 [72.02-125.44],72.02464,125.44491
MALARIA_PRES_CASES,Number of presumed malaria cases,https://www.who.int/data/gho/data/indicators/indicator-details/GHO/number-of-presumed-malaria-cases,2019,2019,2019,AFR,Africa,NGA,Nigeria,,,,3569878.0,3 569 878,,
MALARIA_RDT_POS,Number of malaria positive cases by rapid diagnostic test (RDT),https://www.who.int/data/gho/data/indicators/indicator-details/GHO/number-of-malaria-positive-cases-by-rapid-diagnostic-test-rdt,2019,2019,2019,AFR,Africa,NGA,Nigeria,,,,17330401.0,17 330 401,,
MALARIA_EST_MORTALITY,Estimated malaria mortality rate (per 100 000 population),https://www.who.int/data/gho/data/indicators/indicator-details/GHO/estimated-malaria-mortality-rate-per-100-000-population,2021,2021,2021,AFR,Africa,NGA,Nigeria,,,,87.29311,87.29 [66.95-117.93],66.95378,117.92541
MALARIA_PRES_CASES,Number of presumed malaria cases,https://www.who.int/data/gho/data/indicators/indicator-details/GHO/number-of-presumed-malaria-cases,2020,2020,2020,AFR,Africa,NGA,Nigeria,,,,3254815.0,3 254 815,,
MALARIA_INDIG,Number of indigenous malaria cases,https://www.who.int/data/gho/data/indicators/indicator-details/GHO/number-of-indigenous-malaria-cases,2022,2022,2022,AFR,Africa,NGA,Nigeria,,,,23050405.0,23 050 405,,
MALARIA_CONF_CASES,Number of confirmed malaria cases,https://www.who.int/data/gho/data/indicators/indicator-details/GHO/number-confirmed-malaria-cases,2021,2021,2021,AFR,Africa,NGA,Nigeria,,,,21325186.0,21 325 186,,
MALARIA_MICR_TEST,Number of malaria suspects examined by microscopy,https://www.who.int/data/gho/data/indicators/indicator-details/GHO/number-of-malaria-suspects-examined-by-microscopy,2016,2016,2016,AFR,Africa,NGA,Nigeria,,,,901141.0,901 141,,
MALARIA_EST_MORTALITY,Estimated malaria mortality rate (per 100 000 population),https://www.who.int/data/gho/data/indicators/indicator-details/GHO/estimated-malaria-mortality-rate-per-100-000-population,2008,2008,2008,AFR,Africa,NGA,Nigeria,,,,140.17575,140.18 [130.56-150.17],130.56376,150.17166
MALARIA_EST_INCIDENCE,Estimated malaria incidence (per 1000 population at risk),https://www.who.int/data/gho/data/indicators/indicator-details/GHO/malaria-incidence-%28per-1-000-population-at-risk%29,2022,2022,2022,AFR,Africa,NGA,Nigeria,,,,298.9976,299.00 [215.48-402.85],215.4784,402.84616
MALARIA_TOTAL_CASES,Total number of  malaria cases (presumed + confirmed cases),https://www.who.int/data/gho/data/indicators/indicator-details/GHO/total-number-of-malaria-cases-presumed-confirmed-cases,2020,2020,2020,AFR,Africa,NGA,Nigeria,,,,21580055.0,21 580 055,,
MALARIA_EST_MORTALITY,Estimated malaria mortality rate (per 100 000 population),https://www.who.int/data/gho/data/indicators/indicator-details/GHO/estimated-malaria-mortality-rate-per-100-000-population,2013,2013,2013,AFR,Africa,NGA,Nigeria,,,,90.50953,90.51 [81.53-101.04],81.52799,101.04211
MALARIA_EST_INCIDENCE,Estimated malaria incidence (per 1000 population at risk),https://www.who.int/data/gho/data/indicators/indicator-details/GHO/malaria-incidence-%28per-1-000-population-at-risk%29,2005,2005,2005,AFR,Africa,NGA,Nigeria,,,,395.89714,395.90 [318.82-487.01],318.82262,487.00663
MALARIA_SUSPECTS,Number of suspected malaria cases,https://www.who.int/data/gho/data/indicators/indicator-details/GHO/number-of-suspected-malaria-cases,2018,2018,2018,AFR,Africa,NGA,Nigeria,,,,25381459.0,25 381 459,,
MALARIA_MICR_TEST,Number of malaria suspects examined by microscopy,https://www.who.int/data/gho/data/indicators/indicator-details/GHO/number-of-malaria-suspects-examined-by-microscopy,2020,2020,2020,AFR,Africa,NGA,Nigeria,,,,3086039.0,3 086 039,,
MALARIA_MICR_POS,Number of malaria positive cases by microscopy,https://www.who.int/data/gho/data/indicators/indicator-details/GHO/number-of-malaria-positive-cases-by-microscopy,2017,2017,2017,AFR,Africa,NGA,Nigeria,,,,749118.0,749 118,,
MALARIA_EST_INCIDENCE,Estimated malaria incidence (per 1000 population at risk),https://www.who.int/data/gho/data/indicators/indicator-details/GHO/malaria-incidence-%28per-1-000-population-at-risk%29,2019,2019,2019,AFR,Africa,NGA,Nigeria,,,,292.99995,293.00 [226.46-376.22],226.46166,376.22315
MALARIA_RDT_POS,Number of malaria positive cases by rapid diagnostic test (RDT),https://www.who.int/data/gho/data/indicators/indicator-details/GHO/number-of-malaria-positive-cases-by-rapid-diagnostic-test-rdt,2020,2020,2020,AFR,Africa,NGA,Nigeria,,,,16013077.0,16 013 077,,
MALARIA_MICR_POS,Number of malaria positive cases by microscopy,https://www.who.int/data/gho/data/indicators/indicator-details/GHO/number-of-malaria-positive-cases-by-microscopy,2020,2020,2020,AFR,Africa,NGA,Nigeria,,,,2312163.0,2 312 163,,
MALARIA_EST_INCIDENCE,Estimated malaria incidence (per 1000 population at risk),https://www.who.int/data/gho/data/indicators/indicator-details/GHO/malaria-incidence-%28per-1-000-population-at-risk%29,2007,2007,2007,AFR,Africa,NGA,Nigeria,,,,400.60955,400.61 [324.03-489.82],324.0282,489.81634
MALARIA_PRES_CASES,Number of presumed malaria cases,https://www.who.int/data/gho/data/indicators/indicator-details/GHO/number-of-presumed-malaria-cases,2018,2018,2018,AFR,Africa,NGA,Nigeria,,,,5934356.0,5 934 356,,
MALARIA_EST_MORTALITY,Estimated malaria mortality rate (per 100 000 population),https://www.who.int/data/gho/data/indicators/indicator-details/GHO/estimated-malaria-mortality-rate-per-100-000-population,2015,2015,2015,AFR,Africa,NGA,Nigeria,,,,88.66121,88.66 [77.62-102.50],77.62234,102.50178
MALARIA_SUSPECTS,Number of suspected malaria cases,https://www.who.int/data/gho/data/indicators/indicator-details/GHO/number-of-suspected-malaria-cases,2023,2023,2023,AFR,Africa,NGA,Nigeria,,,,35179110.0,35 179 110,,
MALARIA_PF_INDIG,Number of indigenous P. falciparum malaria cases,https://www.who.int/data/gho/data/indicators/indicator-details/GHO/number-of-indigenous-p.-falciparum-malaria-cases,2018,2018,2018,AFR,Africa,NGA,Nigeria,,,,14548024.0,14 548 024,,
MALARIA_EST_MORTALITY,Estimated malaria mortality rate (per 100 000 population),https://www.who.int/data/gho/data/indicators/indicator-details/GHO/estimated-malaria-mortality-rate-per-100-000-population,2011,2011,2011,AFR,Africa,NGA,Nigeria,,,,107.22863,107.23 [98.18-117.11],98.18437,117.11261
MALARIA_MICR_POS,Number of malaria positive cases by microscopy,https://www.who.int/data/gho/data/indicators/indicator-details/GHO/number-of-malaria-positive-cases-by-microscopy,2018,2018,2018,AFR,Africa,NGA,Nigeria,,,,1023273.0,1 023 273,,
MALARIA_PRES_CASES,Number of presumed malaria cases,https://www.who.int/data/gho/data/indicators/indicator-details/GHO/number-of-presumed-malaria-cases,2023,2023,2023,AFR,Africa,NGA,Nigeria,,,,2313036.0,2 313 036,,
MALARIA_MICR_POS,Number of malaria positive cases by microscopy,https://www.who.int/data/gho/data/indicators/indicator-details/GHO/number-of-malaria-positive-cases-by-microscopy,2015,2015,2015,AFR,Africa,NGA,Nigeria,,,,556871.0,556 871,,
MALARIA_MICR_TEST,Number of malaria suspects examined by microscopy,https://www.who.int/data/gho/data/indicators/indicator-details/GHO/number-of-malaria-suspects-examined-by-microscopy,2017,2017,2017,AFR,Africa,NGA,Nigeria,,,,1055444.0,1 055 444,,
MALARIA_PRES_CASES,Number of presumed malaria cases,https://www.who.int/data/gho/data/indicators/indicator-details/GHO/number-of-presumed-malaria-cases,2022,2022,2022,AFR,Africa,NGA,Nigeria,,,,1918061.0,1 918 061,,
MALARIA_EST_MORTALITY,Estimated malaria mortality rate (per 100 000 population),https://www.who.int/data/gho/data/indicators/indicator-details/GHO/estimated-malaria-mortality-rate-per-100-000-population,2002,2002,2002,AFR,Africa,NGA,Nigeria,,,,172.52159,172.52 [162.53-182.85],162.52998,182.84895
MALARIA_EST_INCIDENCE,Estimated malaria incidence (per 1000 population at risk),https://www.who.int/data/gho/data/indicators/indicator-details/GHO/malaria-incidence-%28per-1-000-population-at-risk%29,2010,2010,2010,AFR,Africa,NGA,Nigeria,,,,363.35818,363.36 [294.24-443.45],294.23856,443.45003
MALARIA_INDIG,Number of indigenous malaria cases,https://www.who.int/data/gho/data/indicators/indicator-details/GHO/number-of-indigenous-malaria-cases,2021,2021,2021,AFR,Africa,NGA,Nigeria,,,,21325186.0,21 325 186,,
MALARIA_EST_MORTALITY,Estimated malaria mortality rate (per 100 000 population),https://www.who.int/data/gho/data/indicators/indicator-details/GHO/estimated-malaria-mortality-rate-per-100-000-population,2018,2018,2018,AFR,Africa,NGA,Nigeria,,,,88.36542,88.37 [72.84-109.45],72.84207,109.44836
MALARIA_RDT_POS,Number of malaria positive cases by rapid diagnostic test (RDT),https://www.who.int/data/gho/data/indicators/indicator-details/GHO/number-of-malaria-positive-cases-by-rapid-diagnostic-test-rdt,2018,2018,2018,AFR,Africa,NGA,Nigeria,,,,13524751.0,13 524 751,,
MALARIA_EST_INCIDENCE,Estimated malaria incidence (per 1000 population at risk),https://www.who.int/data/gho/data/indicators/indicator-details/GHO/malaria-incidence-%28per-1-000-population-at-risk%29,2013,2013,2013,AFR,Africa,NGA,Nigeria,,,,297.82649,297.83 [239.60-366.29],239.59653,366.28513
MALARIA_EST_MORTALITY,Estimated malaria mortality rate (per 100 000 population),https://www.who.int/data/gho/data/indicators/indicator-details/GHO/estimated-malaria-mortality-rate-per-100-000-population,2014,2014,2014,AFR,Africa,NGA,Nigeria,,,,89.23548,89.24 [79.36-101.30],79.36162,101.3003
MALARIA_CONF_CASES,Number of confirmed malaria cases,https://www.who.int/data/gho/data/indicators/indicator-details/GHO/number-confirmed-malaria-cases,2016,2016,2016,AFR,Africa,NGA,Nigeria,,,,13598282.0,13 598 282,,
MALARIA_EST_MORTALITY,Estimated malaria mortality rate (per 100 000 population),https://www.who.int/data/gho/data/indicators/indicator-details/GHO/estimated-malaria-mortality-rate-per-100-000-population,2017,2017,2017,AFR,Africa,NGA,Nigeria,,,,88.47538,88.48 [74.72-107.06],74.71969,107.05675
MALARIA_PF_INDIG,Number of indigenous P. falciparum malaria cases,https://www.who.int/data/gho/data/indicators/indicator-details/GHO/number-of-indigenous-p.-falciparum-malaria-cases,2015,2015,2015,AFR,Africa,NGA,Nigeria,,,,8068583.0,8 068 583,,
MALARIA_MICR_TEST,Number of malaria suspects examined by microscopy,https://www.who.int/data/gho/data/indicators/indicator-details/GHO/number-of-malaria-suspects-examined-by-microscopy,2022,2022,2022,AFR,Africa,NGA,Nigeria,,,,3186224.0,3 186 224,,
MALARIA_EST_INCIDENCE,Estimated malaria incidence (per 1000 population at risk),https://www.who.int/data/gho/data/indicators/indicator-details/GHO/malaria-incidence-%28per-1-000-population-at-risk%29,2014,2014,2014,AFR,Africa,NGA,Nigeria,,,,287.70493,287.70 [230.31-354.64],230.31164,354.64427
MALARIA_MICR_POS,Number of malaria positive cases by microscopy,https://www.who.int/data/gho/data/indicators/indicator-details/GHO/number-of-malaria-positive-cases-by-microscopy,2016,2016,2016,AFR,Africa,NGA,Nigeria,,,,618363.0,618 363,,
MALARIA_EST_MORTALITY,Estimated malaria mortality rate (per 100 000 population),https://www.who.int/data/gho/data/indicators/indicator-details/GHO/estimated-malaria-mortality-rate-per-100-000-population,2001,2001,2001,AFR,Africa,NGA,Nigeria,,,,174.3335,174.33 [164.38-184.67],164.37674,184.66854
MALARIA_PF_INDIG,Number of indigenous P. falciparum malaria cases,https://www.who.int/data/gho/data/indicators/indicator-details/GHO/number-of-indigenous-p.-falciparum-malaria-cases,2020,2020,2020,AFR,Africa,NGA,Nigeria,,,,18325240.0,18 325 240,,
MALARIA_INDIG,Number of indigenous malaria cases,https://www.who.int/data/gho/data/indicators/indicator-details/GHO/number-of-indigenous-malaria-cases,2018,2018,2018,AFR,Africa,NGA,Nigeria,,,,14548024.0,14 548 024,,
MALARIA_TOTAL_CASES,Total number of  malaria cases (presumed + confirmed cases),https://www.who.int/data/gho/data/indicators/indicator-details/GHO/total-number-of-malaria-cases-presumed-confirmed-cases,2018,2018,2018,AFR,Africa,NGA,Nigeria,,,,20482380.0,20 482 380,,
MALARIA_INDIG,Number of indigenous malaria cases,https://www.who.int/data/gho/data/indicators/indicator-details/GHO/number-of-indigenous-malaria-cases,2023,2023,2023,AFR,Africa,NGA,Nigeria,,,,24098323.0,24 098 323,,
MALARIA_EST_INCIDENCE,Estimated malaria incidence (per 1000 population at risk),https://www.who.int/data/gho/data/indicators/indicator-details/GHO/malaria-incidence-%28per-1-000-population-at-risk%29,2018,2018,2018,AFR,Africa,NGA,Nigeria,,,,291.07354,291.07 [228.98-367.07],228.98336,367.06932
MALARIA_EST_INCIDENCE,Estimated malaria incidence (per 1000 population at risk),https://www.who.int/data/gho/data/indicators/indicator-details/GHO/malaria-incidence-%28per-1-000-population-at-risk%29,2015,2015,2015,AFR,Africa,NGA,Nigeria,,,,283.81282,283.81 [227.07-351.95],227.06865,351.95488
MALARIA_EST_INCIDENCE,Estimated malaria incidence (per 1000 population at risk),https://www.who.int/data/gho/data/indicators/indicator-details/GHO/malaria-incidence-%28per-1-000-population-at-risk%29,2001,2001,2001,AFR,Africa,NGA,Nigeria,,,,394.49168,394.49 [306.73-501.43],306.73397,501.43092
MALARIA_INDIG,Number of indigenous malaria cases,https://www.who.int/data/gho/data/indicators/indicator-details/GHO/number-of-indigenous-malaria-cases,2019,2019,2019,AFR,Africa,NGA,Nigeria,,,,19806915.0,19 806 915,,
MALARIA_EST_INCIDENCE,Estimated malaria incidence (per 1000 population at risk),https://www.who.int/data/gho/data/indicators/indicator-details/GHO/malaria-incidence-%28per-1-000-population-at-risk%29,2006,2006,2006,AFR,Africa,NGA,Nigeria,,,,398.57422,398.57 [321.34-488.27],321.33792,488.26784
MALARIA_TOTAL_CASES,Total number of  malaria cases (presumed + confirmed cases),https://www.who.int/data/gho/data/indicators/indicator-details/GHO/total-number-of-malaria-cases-presumed-confirmed-cases,2019,2019,2019,AFR,Africa,NGA,Nigeria,,,,23376793.0,23 376 793,,
MALARIA_MICR_POS,Number of malaria positive cases by microscopy,https://www.who.int/data/gho/data/indicators/indicator-details/GHO/number-of-malaria-positive-cases-by-microscopy,2023,2023,2023,AFR,Africa,NGA,Nigeria,,,,2448643.0,2 448 643,,
MALARIA_INDIG,Number of indigenous malaria cases,https://www.who.int/data/gho/data/indicators/indicator-details/GHO/number-of-indigenous-malaria-cases,2020,2020,2020,AFR,Africa,NGA,Nigeria,,,,18325240.0,18 325 240,,
MALARIA_PRES_CASES,Number of presumed malaria cases,https://www.who.int/data/gho/data/indicators/indicator-details/GHO/number-of-presumed-malaria-cases,2015,2015,2015,AFR,Africa,NGA,Nigeria,,,,8633678.0,8 633 678,,
MALARIA_PF_INDIG,Number of indigenous P. falciparum malaria cases,https://www.who.int/data/gho/data/indicators/indicator-details/GHO/number-of-indigenous-p.-falciparum-malaria-cases,2021,2021,2021,AFR,Africa,NGA,Nigeria,,,,21325186.0,21 325 186,,
MALARIA_EST_INCIDENCE,Estimated malaria incidence (per 1000 population at risk),https://www.who.int/data/gho/data/indicators/indicator-details/GHO/malaria-incidence-%28per-1-000-population-at-risk%29,2004,2004,2004,AFR,Africa,NGA,Nigeria,,,,390.11697,390.12 [309.71-483.20],309.70664,483.19672
MALARIA_CONF_CASES,Number of confirmed malaria cases,https://www.who.int/data/gho/data/indicators/indicator-details/GHO/number-confirmed-malaria-cases,2019,2019,2019,AFR,Africa,NGA,Nigeria,,,,19806915.0,19 806 915,,
MALARIA_EST_MORTALITY,Estimated malaria mortality rate (per 100 000 population),https://www.who.int/data/gho/data/indicators/indicator-details/GHO/estimated-malaria-mortality-rate-per-100-000-population,2009,2009,2009,AFR,Africa,NGA,Nigeria,,,,134.83352,134.83 [125.08-145.15],125.07829,145.14834
MALARIA_MICR_POS,Number of malaria positive cases by microscopy,https://www.who.int/data/gho/data/indicators/indicator-details/GHO/number-of-malaria-positive-cases-by-microscopy,2022,2022,2022,AFR,Africa,NGA,Nigeria,,,,2377840.0,2 377 840,,
MALARIA_EST_INCIDENCE,Estimated malaria incidence (per 1000 population at risk),https://www.who.int/data/gho/data/indicators/indicator-details/GHO/malaria-incidence-%28per-1-000-population-at-risk%29,2023,2023,2023,AFR,Africa,NGA,Nigeria,,,,298.9976,299.00 [215.62-406.20],215.61984,406.19513
MALARIA_RDT_POS,Number of malaria positive cases by rapid diagnostic test (RDT),https://www.who.int/data/gho/data/indicators/indicator-details/GHO/number-of-malaria-positive-cases-by-rapid-diagnostic-test-rdt,2021,2021,2021,AFR,Africa,NGA,Nigeria,,,,18765444.0,18 765 444,,
MALARIA_MICR_TEST,Number of malaria suspects examined by microscopy,https://www.who.int/data/gho/data/indicators/indicator-details/GHO/number-of-malaria-suspects-examined-by-microscopy,2023,2023,2023,AFR,Africa,NGA,Nigeria,,,,3200671.0,3 200 671,,
MALARIA_PRES_CASES,Number of presumed malaria cases,https://www.who.int/data/gho/data/indicators/indicator-details/GHO/number-of-presumed-malaria-cases,2021,2021,2021,AFR,Africa,NGA,Nigeria,,,,2283611.0,2 283 611,,
MALARIA_EST_MORTALITY,Estimated malaria mortality rate (per 100 000 population),https://www.who.int/data/gho/data/indicators/indicator-details/GHO/estimated-malaria-mortality-rate-per-100-000-population,2019,2019,2019,AFR,Africa,NGA,Nigeria,,,,86.66942,86.67 [69.87-110.38],69.87148,110.38039
MALARIA_CONF_CASES,Number of confirmed malaria cases,https://www.who.int/data/gho/data/indicators/indicator-details/GHO/number-confirmed-malaria-cases,2023,2023,2023,AFR,Africa,NGA,Nigeria,,,,24098323.0,24 098 323,,
MALARIA_EST_MORTALITY,Estimated malaria mortality rate (per 100 000 population),https://www.who.int/data/gho/data/indicators/indicator-details/GHO/estimated-malaria-mortality-rate-per-100-000-population,2016,2016,2016,AFR,Africa,NGA,Nigeria,,,,87.91637,87.92 [75.66-103.81],75.66422,103.80589
